question,answer
What are the admission criteria for VIT?,VIT admissions are based on the VITEEE exam for B.Tech and merit-based or entrance exams for other courses.
How can I apply for VITEEE?,You can apply for VITEEE through the official VIT website by filling out the online application form and paying the fee.
What is the VIT fee structure?,The fee structure varies based on the program and category. You can check the detailed fee breakdown on the VIT official website.
Where can I check my VITEEE results?,You can check your VITEEE results on the official VIT website by logging in with your application number and password.
Does VIT offer scholarships?,"Yes, VIT offers scholarships based on VITEEE ranks, academic performance, and other criteria under the STARS and GV School Development programs."
What are the hostel facilities at VIT?,"VIT offers well-furnished hostels with AC/non-AC rooms, WiFi, laundry, and mess facilities."
How can I contact VIT administration?,"You can contact VIT administration via phone, email, or by visiting the campus. Contact details are available on the VIT official website."
What are the placement opportunities at VIT?,"VIT has a strong placement record, with top companies like Microsoft, Amazon, and TCS recruiting students every year."
How do I access VTOP?,VTOP is VIT's online student portal. You can log in at vtop.vit.ac.in using your username and password.
What clubs and societies are available at VIT?,"VIT has various technical, cultural, and sports clubs, including IEEE, SAE, Dance Club, Music Club, and Debate Society."
How can I reset my VTOP password?,You can reset your VTOP password using the 'Forgot Password' option on the VTOP login page.
What is the grading system at VIT?,VIT follows a relative grading system where students are graded based on their performance compared to peers.
Are there internship opportunities at VIT?,"Yes, VIT encourages internships and has collaborations with top companies for internship programs."
What is FFCS at VIT?,FFCS (Fully Flexible Credit System) allows students to choose their subjects and faculty as per their preferences.
Is there a medical facility on campus?,"Yes, VIT has a dedicated health center with doctors available 24/7."
How do I get my transcripts from VIT?,You can request transcripts through the VTOP portal under the academics section.
What is the dress code at VIT?,"There is no strict dress code, but students are expected to dress decently, and formal attire is required during presentations."
How do I register for semester exams?,You can register for semester exams through VTOP under the Exam Registration section.
What transportation options are available at VIT?,"VIT has its own bus services and is well connected by public transport, including taxis and autos."
What exam is required for B.Tech admission in VIT?,VITEEE is the required exam for B.Tech admission at VIT.
How are M.Tech students admitted to VIT?,"M.Tech admissions are through VITMEE, a national level computer-based test conducted by the University."
How are students selected for admission at VIT?,Selected students are admitted through counseling based on their performance in VITEEE/VITMEE or merit for other programs.
Where can I find the admission criteria for VIT programs?,The minimum qualifications and criteria are specified in the Admissions brochure released before each admission cycle.
What is the academic system followed at VIT?,VIT follows a Fully Flexible Credit System (FFCS) under a semester-based academic system.
How many semesters are there in an academic year at VIT?,There are two regular semesters: Fall (June/July to November) and Winter (December/January to May).
Are there any additional semesters at VIT?,"Yes, optional weekend intra-semesters and summer semesters may be offered depending on demand."
Can students clear backlogs during weekend or summer semesters?,"Yes, these semesters are designed to help students clear backlogs, though their availability is not guaranteed."
What does a curriculum include at VIT?,"A curriculum includes Foundation Core, Discipline Core, Electives, Skill and Ability Enhancement Courses, Projects, and Internships."
Can curriculum change for existing students?,"No, students follow the curriculum version applicable at the time of their admission."
What details are included in a course syllabus at VIT?,"Course code, title, LTPC, version, prerequisites, objectives, outcomes, module topics, duration, books, and approval dates."
Who creates or modifies course syllabi at VIT?,A Course Committee of at least three faculty members is responsible for syllabus creation and updates.
What is a course plan at VIT?,"It is a document listing the lectures or experiments per week, mode of delivery, and reference materials used."
How many hours equal one course credit at VIT?,"15 hours for theory or tutorial, and 30 hours for lab work."
What does a course flowchart show?,It shows how different courses are connected via prerequisites and their semester-wise offering.
What are the types of courses at VIT?,"Courses may be Theory, Lab, Embedded (Theory+Lab), or Project-based like internships and dissertations."
What is a Project course at VIT?,"A course where students complete a practical project with three evaluations, promoting learning by doing."
What is the course code format at VIT?,"An 8-character code: 4 alphabets (discipline), 3 digits (level and serial), and 1 alphabet (version)."
When is VITEEE conducted?,"VITEEE is conducted once a year, with dates announced on the university website and media."
Is there counseling after VITEEE?,"Yes, selected candidates are admitted through a counseling process based on their VITEEE rank."
How are admissions handled for non-engineering programs at VIT?,Admissions are based on merit and specific program criteria outlined in the admissions brochure.
Where is the admission brochure published?,The admission brochure is released before the commencement of admissions each year on the university website.
What is the duration of a regular semester at VIT?,Each regular semester spans approximately five to six months.
Are weekend and summer semesters optional?,"Yes, they are offered based on demand and availability of faculty and resources."
Is attendance mandatory in weekend semesters?,"Yes, rules applicable to regular semesters also apply to weekend semesters."
What are Foundation Core courses?,These are basic courses required for all students in a particular program.
What are Discipline Core courses?,Courses that provide essential knowledge and skills related to a student’s major.
What are Open Electives?,"Courses that can be taken from any discipline, promoting interdisciplinary learning."
What are Value Added Courses?,"Courses aimed at enhancing soft skills, ethics, and professional development."
Can a student have a minor at VIT?,"Yes, students can choose to pursue minors as part of their curriculum."
Can a student opt for Honours?,"Yes, Honours courses are available for high-performing students."
Can a syllabus change after approval?,"Yes, changes are allowed with Academic Council approval and updated version numbers."
What indicates a major change in syllabus?,"An increment in the whole number of the version (e.g., 1.0 to 2.0)."
What indicates a minor change in syllabus?,"A decimal change in the version (e.g., 1.0 to 1.1)."
Are course plans mandatory?,"Yes, faculty must prepare course plans detailing lectures and labs."
What is LTPC?,"LTPC stands for Lecture, Tutorial, Practical, and Credit components of a course."
Can lab and theory plans be the same?,"No, separate plans are required for theory and lab components."
What is the purpose of a course flowchart?,"To help visualize course paths, prerequisites, and sequence of study."
Are all courses classroom-based?,"No, some are project-based or experiential."
How are project courses evaluated?,Through at least three reviews per semester with marks contributing to final grades.
How is the discipline reflected in a course code?,By the first four alphabets of the course code.
What does the first digit in course code represent?,It reflects the cognitive level of the course.
Can project courses be done in groups?,"Yes, with a maximum of five students per group."
What is required in a project course?,A relevant project reflecting the course syllabus and an innovative component.
What does FFCS stand for?,Fully Flexible Credit System.
Can students choose their own timetable in FFCS?,"Yes, students can select their courses and faculty based on availability."
Is FFCS available to all students?,"Yes, all students under the academic regulation follow FFCS."
Can a student withdraw from a course?,"Yes, under certain conditions specified in academic regulations."
What happens if a student fails a course?,They may re-register during regular or optional semesters if available.
What is the minimum attendance requirement?,"Typically 75%, subject to university circulars."
Are re-exams allowed at VIT?,"Yes, based on academic rules and eligibility conditions."
Is internship compulsory at VIT?,"Yes, internships are part of the curriculum for most programs."
What types of internships are offered?,"Industrial, research-based, and dissertation internships."
How are internships evaluated?,"Based on project work, reports, and reviews."
What are the criteria for graduation?,Successful completion of all curriculum courses and credit requirements.
Can students graduate with backlogs?,"No, all course requirements must be cleared to graduate."
Are honours or minors required for graduation?,"No, they are optional enhancements."
Where can I find the academic calendar?,It is published on the university website.
What is included in the academic calendar?,"Semester start/end dates, registration, exam periods, and holidays."
How are academic updates communicated?,"Via university website, emails, and circulars."
Who can I contact for academic issues?,You can contact your faculty advisor or Head of Department (HoD).
What is VITEEE?,An entrance exam for B.Tech admission at VIT.
What is VITMEE?,An entrance exam for M.Tech admission at VIT.
What is a credit?,A unit that measures academic workload; one credit equals 15 hours of instruction.
How many credits are required to graduate?,"It depends on the program, typically between 160–180 for B.Tech."
What is a prerequisite course?,A course that must be completed before registering for another course.
What happens if I miss a class?,It counts towards your attendance; falling below 75% may lead to disqualification.
Can I choose my faculty?,"Yes, under FFCS, students can select their preferred faculty during registration."
Can I repeat a course to improve grade?,"Yes, by re-registering for the course in future semesters."
What is the maximum number of courses per semester?,"It is specified in university circulars, usually around 6-7 courses."
Can I take online courses for credit?,Only if approved by the university under credit transfer policy.
Can international students apply to VIT?,"Yes, through a separate international admissions portal."
Are scholarships available?,"Yes, merit-based and need-based scholarships are offered."
Can I defer my admission?,It depends on the program; you must consult the admissions office.
When is a student considered to have completed the programme?,A student is considered to have completed the programme only after completing the minimum courses and earning required credits as specified in the curriculum.
Can students take additional courses after meeting curriculum requirements?,"No, students are not allowed to study additional courses except under Minors/Honours after meeting curriculum requirements."
What is one instructional unit or one credit equivalent to for lectures and tutorials?,One 50-minute lecture or tutorial per week for 15 weeks is equal to one credit.
How much time is considered for one credit in practical or lab work?,A minimum of 100 minutes per week of lab or practical work for 15 weeks is considered one credit.
What does an LTPC of 2-1-2-4 represent?,"It means 2 lecture credits, 1 tutorial credit, 2 practical credits, totaling to 4 credits."
Is it enough to just meet the minimum credit requirement for graduation?,"No, students must complete required credits under each head like FC, DLE, DC, etc.."
What is the minimum credits required to complete Btech degree?,A minimum of 160 credits is required to complete btech degree.
 
What are Foundation Core (FC) courses?,These are foundational and mandatory courses aimed at enhancing knowledge in various disciplines.
Can a Discipline Core (DC) course be substituted with another course?,"No, all DC courses are mandatory and cannot be substituted."
What is the difference between Discipline Elective (DE) and Specialization Elective (SE)?,DE courses can be from any discipline; SE courses are restricted to a defined basket in the student's major.
What are Open Elective (OE) courses?,"Courses offered across disciplines, allowing students to explore other areas of interest."
Can students earn OE credits through online courses?,"Yes, through SWAYAM-NPTEL, but only under the OE category."
What is the purpose of Skill Enhancement Courses (SEC)?,To develop practical and job-oriented skills relevant to the programme.
What is the purpose of Ability Enhancement Courses (AEC)?,"To enhance abilities like communication, ethics, and analytical skills."
When can a student undergo industrial internship?,"Anytime after their first year, for a minimum of four weeks."
Can the four-week industrial internship be split?,"Yes, into two stretches of two weeks each."
How is the industrial internship evaluated?,"Through a report, digital log, and viva voce by an evaluation committee."
What is the objective of the final semester project?,"To demonstrate analytical, design, fabrication, and presentation skills."
Can students do their final project outside the university?,"Yes, in industries or research organizations, with internal and external guides."
What happens if a student fails the final viva voce for the project?,The student must re-register and complete the project in a later semester.
"Is course registration mandatory for all students?","Yes, students must register for the courses they intend to study each semester."
"Can students with unpaid dues register for courses?","Yes, but they cannot attend classes until the dues are cleared."
"What is the deadline for late registration, and what are the conditions?","Up to 10 calendar days from semester start, with School Dean approval and a late fee."
"What happens if a student fails to register for the minimum number of courses?","Their studentship may be cancelled."
"Can students choose the pace of their study?","Yes, students can plan a fast or slow study pace and select course slots accordingly."
"Who helps students select courses?","The Proctor, based on academic performance and curriculum."
"What are bridge courses?","Special courses assigned based on proficiency, not counted in CGPA or minimum credits."
"How are students selected for bridge courses?","Based on screening tests or previous academic background."
"What is the average academic load per semester?","23 credits."
"What is the maximum credit limit in regular semesters?","Maximum 27 credits"
"What is the minimum credit requirement in regular semesters?","Minimum 16 credits"
"Can students register for less than 16 credits?","Only during their final semester to complete remaining credits."
"What if a student’s CGPA falls below 4.0?","They’ll be advised to register only 16 credits."
"What is an 'F' grade?","It means the student failed the course and must re-register it."
"What is an 'N' grade?","Not cleared one or more components; needs partial or full re-registration."
"Can students register the next level course if they have an F or N in the prerequisite?","Yes, if they’ve attended the previous course and written the exam."
"Are W grade courses considered backlogs?","No, W grades are not considered backlogs."
"Is there a fee for re-registering backlog courses?","Yes, as per university norms."
"When can students add/drop courses?","During the first 3 instructional days of the semester."
"Can dropped courses be re-registered without a fee?","Yes, no re-registration fee for dropped courses."
"Is add/drop allowed in summer or weekend semesters?","No."
"When can a student withdraw from a course?","After CAT-I, during a specified 3-day window."
"Can withdrawal drop a student below 16 credits?","Not allowed, except for final-year or timed-out students."
"Can re-registered courses be withdrawn?","Only if they were already cleared before."
"Is the course reinstated after withdrawal?","No, once withdrawn, it cannot be reinstated."
"Can students register for a course without clearing the prerequisite?","Yes, if they’ve attended and written the exam for the prerequisite."
"What are anti-requisites and co-requisites?","Anti-requisite: similar content courses not to be taken together. Co-requisite: courses to be registered together (e.g., theory + lab)."
"What is the minimum attendance required for CAT-I, CAT-II, and FAT?","75% for each."
"What happens if a student has less than 75% attendance?","They are debarred from writing that exam and get an 'N' grade."
"Are 9.0+ CGPA students exempt from attendance rules?","Yes, unless they have backlogs or fall below CGPA 9.0."
"Does attendance exemption apply in summer/weekend semesters?","No."
"What should a student do if they miss class due to a sectional holiday?","Submit a request through the Proctor to the HoD Chair for attendance consideration."
"What is the full form of CAM in CBL?", "Continuous Assessment Marks"
"How long is each CAT exam and what is it out of?", "Each CAT is 90 minutes long and conducted for a maximum of 50 marks"
"What type of exam is CAT-II?", "Open book/open notebook type"
"What percentage of CAM does CAT-I, CAT-II, and Digital Assignments contribute?", "60%"
"What is the weightage of FAT in the overall assessment?", "40%"
"What is the weightage of CAT in the overall assessment?", 15%.
"How many marks is FAT conducted for?", "100 marks"
"Are improvement exams allowed for better marks?","No improvement of marks by repeat exam is not permitted"
"What is the passing criteria for theory-only courses?", "Based on relative grading band"
"What is the minimum requirement to pass a lab/project component?", "Minimum 50% marks"
"What does the 'F' grade mean?", "Failed the course by not meeting the minimum marks requirement"
"What does the 'N' grade stand for?", "Not cleared one or more components / debarred / absent / incomplete"
"What is the mark range for grade 'S' under absolute grading?", "90 and above"
When is absolute grading used instead of relative grading?, "When class strength is ≤10 or for lab project NGCR and extracurricular courses."
"What type of questions are used in CAT and FAT exams?", "Higher Order Thinking (HOTs) questions"
"What is the minimum percentage required in FAT for theory-only courses?", "40%"
"What grading method is used when class strength >10 for theory courses?", "Relative grading"
"What does a student need to do to clear an ‘F’ grade?", "Re-register and pass the course in a subsequent semester"
"If a student scores <50 in FAT but has good CAM can they pass?", No 40% in FAT alone is required to pass
"Can a student with a benchmark disability get extra time in exams?", "Yes 30 minutes for CAT and 60 minutes for FAT."
"What is the formula to determine relative grades?", "Grades are awarded based on standard deviation from the mean"
What is CAM?,"CAM stands for Continuous Assessment Marks, which include CATs and assignments."
Can students improve their CAT/FAT marks through repeat exams?,"No, improvement of marks is not permitted through repeat exams or any other means."
Who conducts the CAT and FAT exams?,CATs are conducted by the programme School or centralized arrangement; FATs are conducted centrally by the CoE office.
What is the weightage of digital assignments in CAM?,Digital assignments contribute 30% of the theory component of CAM.
Can the assessment mode and weightage change mid-semester?,"No, they must be approved before the semester starts and communicated to students."
Is it mandatory to score a minimum in CAM to pass?,"No, there is no minimum mark set for CAM."
What happens if a student misses the FAT without valid reason?,They are awarded an ‘N’ grade and must re-register for the course.
Is there any special provision for students with disabilities?,"Yes, additional exam time may be granted at the discretion of the School Dean or CoE."
What is the grading method for lab/project courses?,Absolute grading method is used.
When is a student awarded a ‘W’ grade?,When a course registration is officially withdrawn.
Can a student pass a course with only CAM marks?,"No, minimum performance in FAT or overall is required as per course type."
How is the final letter grade determined in a course?,Based on cumulative performance in all components following credit ratios.
Can a student pass if the class average causes high mark cutoffs?,"Yes, rules ensure students with minimum 50% or class minimum pass even if grade bands are high."
Which courses always use absolute grading?,"Labs, soft skills, extracurriculars, NGCR, and project courses."
Hi,Hello! How can I assist you with VIT University-related queries?
Hello,Hi there! Feel free to ask your questions about VIT University.
Hey,Hey! What would you like to know about VIT today?
Bye,Goodbye! Let me know if you have any other questions.
Thank you,You're welcome! Let me know if you need more help.
What can you do?,"I can help you with questions about VIT University—academics, regulations, admissions, and more."
Who are you?,I am a virtual assistant here to help you with VIT University-related queries.
How can I contact VIT?,You can visit the official website or call the university’s helpdesk at +91-416-220 2020.
Where is VIT located?,"VIT University has campuses in Vellore, Chennai, Bhopal, and Amaravati."
Is VIT a good university?,"Yes, VIT is one of India's top private universities with excellent academic and placement records."
"What are the types of hostels available at VIT Vellore?","VIT Vellore offers several types of hostels including Men's Hostels (MH), Women's Hostels (WH), and International Hostels. The rooms come in various configurations such as single occupancy, double sharing, three sharing, and four sharing, catering to different preferences and budgets."
"What facilities are available in VIT Vellore hostels?","VIT Vellore hostels provide essential facilities including beds with mattresses, study tables, chairs, cupboards, ceiling fans, 24/7 hot and cold water supply, laundry services, Wi-Fi connectivity, common rooms with television, indoor game facilities, and 24-hour security with CCTV surveillance. Hostels also have dedicated wardens and supervisors for student support."
"How much does hostel accommodation cost at VIT Vellore?","Hostel fees at VIT Vellore vary depending on the type of accommodation. Single rooms typically range from Rs. 75,000-90,000 per year, double sharing costs approximately Rs. 65,000-75,000 per year, three sharing is around Rs. 55,000-65,000 per year, and four sharing is about Rs. 45,000-55,000 per year. International hostel fees may be different. These fees are subject to revision each academic year."
"Is hostel accommodation mandatory for VIT Vellore students?","Hostel accommodation is not mandatory for all VIT Vellore students. Day scholars can commute from outside. However, first-year students are strongly encouraged to stay in hostels to ease their transition to college life and build connections. International students typically stay in designated international hostels."
"How is the food in VIT Vellore hostels?","VIT Vellore hostels offer multiple mess options with North Indian, South Indian, and International cuisines. Students can choose from regular mess, special mess, or food court options. The mess operates on a prepaid card system. Special arrangements can be made for students with dietary restrictions. Most hostels have attached mess facilities, and there are also cafeterias and food courts around campus."
"What is the hostel application process at VIT Vellore?","The hostel application process at VIT Vellore begins after admission confirmation. Students need to log into the VIT Student Login portal, select the hostel application option, choose their preferred room type (subject to availability), pay the hostel fees online, and submit necessary documents including a passport-sized photograph and medical fitness certificate. Room allotments are typically done on a first-come, first-served basis."
"What are the hostel rules and regulations at VIT Vellore?","Key hostel rules at VIT Vellore include: strict adherence to in-time (typically 9:00 PM for women's hostels and 10:00 PM for men's hostels), no entry to opposite gender hostels, no consumption of alcohol or smoking, mandatory attendance during roll call, prior permission required for overnight leave, no cooking in rooms, maintaining cleanliness, and respecting quiet hours. Violation of rules may lead to disciplinary action."
"Are there separate hostels for international students at VIT Vellore?","Yes, VIT Vellore maintains dedicated International Hostels for foreign students. These hostels typically offer enhanced amenities, culturally diverse food options, and staff familiar with addressing the unique needs of international students. They are designed to provide a comfortable living environment for students from different countries while promoting cultural exchange."
"Are there medical facilities available in VIT Vellore hostels?","VIT Vellore hostels have basic first aid facilities, and the campus has a well-equipped health center with doctors available 24/7. For hostel residents, there is an on-call doctor service for emergencies. The health center provides services like routine check-ups, emergency care, basic medication, and ambulance services for serious cases requiring hospital transfer."
"How is the Wi-Fi connectivity in VIT Vellore hostels?","VIT Vellore hostels are equipped with high-speed Wi-Fi connectivity that covers all rooms and common areas. Students receive a personal login ID and password with a fair usage policy. The standard connection speed is sufficient for academic work and moderate entertainment needs. Technical support is available to address connectivity issues promptly."
"Can I choose my roommate in VIT Vellore hostels?","Yes, VIT Vellore generally allows students to choose their roommates in shared accommodations, subject to availability and mutual agreement. Both students must indicate their preference during the hostel application process. This option is particularly available for returning students. First-year students may have limited options for roommate selection and are often assigned roommates based on their branch or program."
"Are there gym facilities in VIT Vellore hostels?","Many VIT Vellore hostels have dedicated gym facilities with basic equipment such as treadmills, cycling machines, weights, and multi-stations. Additionally, the main campus has a comprehensive sports complex with advanced gym equipment that hostel residents can access. The hostels also have designated areas for yoga and other fitness activities."
"What security measures are in place at VIT Vellore hostels?","VIT Vellore hostels implement comprehensive security measures including 24/7 security personnel, biometric entry systems, CCTV surveillance in common areas, regular security patrols, visitor registration protocols, and identity card verification. The hostels have emergency contact numbers displayed prominently, and security staff conduct periodic checks to ensure student safety."
"How is the laundry system in VIT Vellore hostels?","VIT Vellore hostels offer both self-service laundry facilities and professional laundry services. Self-service areas include washing machines and dryers that operate on a token or card system. Professional laundry services are available at additional charges with pick-up and delivery options. Some premium hostels include a limited number of free laundry services in their package."
"Are there study rooms in VIT Vellore hostels?","Yes, most VIT Vellore hostels have dedicated study rooms or reading halls that remain open 24/7. These spaces are equipped with proper lighting, tables, chairs, and some have computers with internet access. During examination periods, additional temporary study spaces are often created to accommodate increased demand."
"What recreational facilities are available in VIT Vellore hostels?","VIT Vellore hostels offer various recreational facilities including common rooms with television and DTH services, indoor game rooms with table tennis, carrom, chess, etc., music rooms in select hostels, mini libraries with magazines and novels, outdoor courts for basketball and badminton near hostel blocks, and spaces for cultural activities and performances."
"Can I stay in the hostel during semester breaks at VIT Vellore?","Students can stay in VIT Vellore hostels during short breaks like weekends and holidays. For longer semester breaks, students who need to stay (for internships, projects, etc.) must apply for vacation stay through the hostel office and pay additional fees. International students or those from distant locations are generally given priority for vacation stay approval."
"How are roommates assigned in VIT Vellore hostels?","For first-year students at VIT Vellore, roommates are typically assigned based on factors like program of study, language preferences, and sometimes regional backgrounds to promote diversity and integration. Returning students can request specific roommates subject to mutual agreement and availability. Room changes are considered after the first semester if there are valid reasons."
"What major companies visit VIT Vellore for placements?","VIT Vellore attracts many top companies including Microsoft, Google, Amazon, IBM, Accenture, TCS, Infosys, Wipro, Deloitte, Goldman Sachs, Morgan Stanley, Texas Instruments, Intel, Qualcomm, Bosch, Mercedes-Benz, Samsung, L&T, Capgemini, and many more. Over 800+ companies visit the campus annually for recruitment across various sectors."
"What is the average placement package at VIT Vellore?","The average placement package at VIT Vellore typically ranges from Rs. 6-8 lakhs per annum. Top performers secure packages of Rs. 15-20 lakhs or higher. The highest packages can go up to Rs. 40-50 lakhs per annum for roles in global tech giants and financial institutions. Package values vary significantly based on program, specialization, skills, and individual performance."
"What is the placement percentage at VIT Vellore?","VIT Vellore consistently maintains a high placement percentage, typically ranging from 90-95% for eligible and registered students. Certain programs like Computer Science, IT, and Electronics achieve nearly 100% placement. The placement rate may vary slightly across different engineering and management disciplines. Multiple job offers are common for high-performing students."
"How does the placement process work at VIT Vellore?","The VIT Vellore placement process begins with student registration through the placement portal. Companies visit campus throughout the year, with peak season from August to March. The process typically involves pre-placement talks, aptitude tests, technical assessments, group discussions, and multiple rounds of interviews. Students receive job offers based on their performance, and once a student accepts an offer, they may be restricted from participating in further placement drives depending on university policies."
"When does the placement season start at VIT Vellore?","The placement season at VIT Vellore typically begins in July-August for final year students. However, some companies start visiting as early as June for pre-placement talks and internship selections that may convert to full-time offers. The peak placement period runs from September to February. Some companies also visit during March-May for specific requirements."
"Are internships provided through VIT Vellore?","Yes, VIT Vellore has a robust internship program coordinated through the placement cell. Mandatory internships are part of the curriculum for most programs. Summer internships (May-July) and semester-long internships are available. Many companies offering internships also extend pre-placement offers (PPOs) to exceptional interns. The university also facilitates international internships through partner universities and organizations."
"Which program has the highest placement rate at VIT Vellore?","Computer Science Engineering (CSE), Information Technology (IT), Electronics and Communication Engineering (ECE), and specialized programs like Computer Science with specialization in AI, ML, Data Science, and Cyber Security typically have the highest placement rates at VIT Vellore, often reaching nearly 100%. These programs align well with current industry demands and technological trends."
"Do all branches get equal placement opportunities at VIT Vellore?","While VIT Vellore strives to provide placement opportunities to all branches, the number and variety of companies visiting for different branches vary based on industry demand. IT/Computer Science related branches typically have more opportunities. However, the placement cell works to ensure core companies visit for specialized branches like Mechanical, Civil, Chemical, and Biotechnology. Core engineering companies often have more specific GPA requirements."
"What kind of preparation does VIT Vellore provide for placements?","VIT Vellore offers comprehensive placement preparation including aptitude training sessions, technical skill development workshops, mock interviews, resume building workshops, group discussion practice, coding competitions, industry expert sessions, personality development programs, and communication skills enhancement. The university also has dedicated placement training courses integrated into the curriculum from the pre-final year onwards."
"Are there placement opportunities for M.Tech/MCA students at VIT Vellore?","Yes, VIT Vellore provides strong placement support for postgraduate students in M.Tech, MCA, and other PG programs. Many companies specifically recruit for specialized roles requiring advanced knowledge. PG students often receive higher packages compared to UG students for similar roles due to their specialized knowledge. The placement process is similar to that for undergraduate students but may focus more on specialized technical skills."
"How many placement offers can a student receive at VIT Vellore?","At VIT Vellore, students can participate in multiple placement drives until they receive their first job offer. After receiving an offer, further participation depends on the university's placement policy for that year and the package offered. Typically, if a student receives an offer below a certain threshold (e.g., Rs. 6-7 LPA), they may be allowed to sit for companies offering higher packages. Some exceptional students receive multiple offers before choosing their preferred company."
"Does VIT Vellore provide placement assistance after graduation?","Yes, VIT Vellore extends placement assistance to alumni through its Alumni Career Development Cell. Graduates can access the alumni job portal, participate in off-campus placement drives, receive career counseling, and attend skill development workshops. The alumni network also facilitates job referrals and industry connections. This support is typically available for up to two years after graduation."
"What soft skills are emphasized during placement training at VIT Vellore?","VIT Vellore's placement training emphasizes critical soft skills including communication (verbal and written), presentation skills, group discussion techniques, interview etiquette, problem-solving, teamwork, leadership qualities, time management, stress management, corporate etiquette, adaptability, and emotional intelligence. These skills are developed through dedicated workshops, role-playing exercises, and industry interaction sessions."
"How does VIT Vellore help students with lower CGPA in placements?","VIT Vellore assists students with lower CGPA by organizing special skill development programs, encouraging participation in projects and certifications to strengthen their profiles, arranging for companies with relaxed CGPA criteria, providing additional coaching for technical and aptitude tests, facilitating internship opportunities that may convert to full-time roles, and offering personalized counseling to identify and develop their strengths."
"Are there international placement opportunities at VIT Vellore?","Yes, VIT Vellore facilitates international placements through multinational companies that recruit for their global operations. Some international companies directly hire for positions abroad, while others may initially place students in Indian offices with potential for international relocation later. The university also has partnerships with global corporations and universities that sometimes lead to overseas opportunities for deserving candidates."
"What is the role of the placement cell at VIT Vellore?","The placement cell at VIT Vellore, officially known as the Placement and Training Office, coordinates all placement activities including company relations, scheduling recruitment drives, facilitating pre-placement talks, organizing training programs, managing student registrations, handling job offers and appointment letters, collecting and analyzing placement statistics, and providing career guidance. They also maintain an active industry network and alumni connections to enhance placement opportunities."
"How do companies select students during campus placements at VIT Vellore?","Companies at VIT Vellore typically follow a multi-stage selection process: initial screening based on CGPA and eligibility criteria, aptitude/psychometric tests, technical assessments specific to job profiles, coding tests for IT roles, group discussions or case studies to evaluate teamwork and analytical skills, technical interviews to assess domain knowledge, HR interviews to evaluate cultural fit and soft skills, and sometimes final rounds at company headquarters for shortlisted candidates."
"What branches have the highest placement packages at VIT Vellore?","At VIT Vellore, Computer Science and related specializations (AI, ML, Data Science, Cyber Security), Electronics and Communication Engineering, and Electrical & Electronics Engineering typically command the highest packages. Students with exceptional skills in programming, data analysis, AI/ML, and cloud computing across any branch often secure premium offers. Specialized programs like Computer Science with Business Systems also attract high packages from consulting firms."
"How should I prepare for placements at VIT Vellore?","For successful placements at VIT Vellore: maintain a good CGPA (preferably above 7.5), develop strong programming skills if targeting IT companies, work on projects relevant to your desired field, obtain industry-recognized certifications, participate in hackathons and coding competitions, build a professional online presence (GitHub, LinkedIn), practice aptitude and technical questions regularly, enhance communication skills, prepare for standard interview questions, and leverage the university's placement preparation resources."
"Are there any pre-placement offers PPOs at VIT Vellore?","Yes, VIT Vellore students frequently receive Pre-Placement Offers (PPOs) based on their internship performance. Many companies that offer summer internships or semester internships evaluate intern performance and extend full-time offers before the formal placement season begins. PPOs typically come with better packages and roles compared to regular campus offers. Students with PPOs may still participate in the placement process based on university policy and package considerations."
"What is the highest package offered at VIT Vellore placements?","The highest packages at VIT Vellore typically range from Rs. 40-50 lakhs per annum, offered by global tech giants and financial institutions for specialized roles. These packages are usually offered to students with exceptional technical skills, impressive projects, research contributions, or competitive programming achievements. International offers may include additional benefits like relocation assistance and stock options. Only a small percentage of students receive such premium offers each year."
"What is the eligibility criteria for placements?","A CGPA>6 and no active backlogs."
